{"cameraMode":{"drawMode":0,"name":"Shaded","section":"Shading Mode"},"sceneLighting":false,"audioPlay":false,"sceneViewState":{"m_AlwaysRefresh":true,"showFog":true,"showSkybox":false,"showFlares":true,"showImageEffects":true,"showParticleSystems":true,"showVisualEffectGraphs":true,"m_FxEnabled":false},"in2DMode":false,"pivot":{"x":-0.4103968143463135,"y":-0.012892931699752808,"z":-2.5296075344085695},"rotation":{"x":0.12247306108474732,"y":0.47912243008613589,"z":-0.0677386000752449,"w":0.8666723370552063},"size":0.579753577709198,"orthographic":false}