{"cameraMode":{"drawMode":0,"name":"Shaded","section":"Shading Mode"},"sceneLighting":false,"audioPlay":false,"sceneViewState":{"m_AlwaysRefresh":true,"showFog":true,"showSkybox":false,"showFlares":true,"showImageEffects":true,"showParticleSystems":true,"showVisualEffectGraphs":true,"m_FxEnabled":false},"in2DMode":false,"pivot":{"x":-0.010556936264038086,"y":1.0811002254486085,"z":2.7697629928588869},"rotation":{"x":0.5971605777740479,"y":-0.008498026989400387,"z":0.006145586259663105,"w":0.8022141456604004},"size":1.8231744766235352,"orthographic":false}