{"cameraMode":{"drawMode":0,"name":"Shaded","section":"Shading Mode"},"sceneLighting":false,"audioPlay":false,"sceneViewState":{"m_AlwaysRefresh":true,"showFog":true,"showSkybox":false,"showFlares":true,"showImageEffects":true,"showParticleSystems":true,"showVisualEffectGraphs":true,"m_FxEnabled":false},"in2DMode":false,"pivot":{"x":-9.100000381469727,"y":4.880000114440918,"z":11.300000190734864},"rotation":{"x":0.5971605777740479,"y":-0.008498026989400387,"z":0.006145586259663105,"w":0.8022141456604004},"size":14.757073402404786,"orthographic":false}