{"cameraMode":{"drawMode":0,"name":"Shaded","section":"Shading Mode"},"sceneLighting":false,"audioPlay":false,"sceneViewState":{"m_AlwaysRefresh":true,"showFog":true,"showSkybox":false,"showFlares":true,"showImageEffects":true,"showParticleSystems":true,"showVisualEffectGraphs":true,"m_FxEnabled":false},"in2DMode":false,"pivot":{"x":-2.690000057220459,"y":1.590000033378601,"z":-0.6620000004768372},"rotation":{"x":0.5971605777740479,"y":-0.008498026989400387,"z":0.006145586259663105,"w":0.8022141456604004},"size":0.07071061432361603,"orthographic":false}