{"cameraMode":{"drawMode":0,"name":"Shaded","section":"Shading Mode"},"sceneLighting":false,"audioPlay":false,"sceneViewState":{"m_AlwaysRefresh":true,"showFog":true,"showSkybox":false,"showFlares":true,"showImageEffects":true,"showParticleSystems":true,"showVisualEffectGraphs":true,"m_FxEnabled":false},"in2DMode":false,"pivot":{"x":0.04979562759399414,"y":2.5595998764038088,"z":0.00777435302734375},"rotation":{"x":0.033174943178892139,"y":-0.8084108829498291,"z":0.04558098316192627,"w":0.5861104130744934},"size":5.157747745513916,"orthographic":true}