{"cameraMode":{"drawMode":0,"name":"Shaded","section":"Shading Mode"},"sceneLighting":false,"audioPlay":false,"sceneViewState":{"m_AlwaysRefresh":true,"showFog":true,"showSkybox":false,"showFlares":true,"showImageEffects":true,"showParticleSystems":true,"showVisualEffectGraphs":true,"m_FxEnabled":false},"in2DMode":false,"pivot":{"x":-0.1968069076538086,"y":0.49451279640197756,"z":-0.6948928833007813},"rotation":{"x":0.3141581118106842,"y":0.4859572947025299,"z":-0.19270877540111543,"w":0.7926421165466309},"size":2.860426425933838,"orthographic":false}