{"cameraMode":{"drawMode":0,"name":"Shaded","section":"Shading Mode"},"sceneLighting":false,"audioPlay":false,"sceneViewState":{"m_AlwaysRefresh":true,"showFog":true,"showSkybox":false,"showFlares":true,"showImageEffects":true,"showParticleSystems":true,"showVisualEffectGraphs":true,"m_FxEnabled":false},"in2DMode":false,"pivot":{"x":0.0028672218322753908,"y":2.1700000762939455,"z":9.5367431640625e-7},"rotation":{"x":-0.10189922899007797,"y":-0.7588666081428528,"z":0.12236356735229492,"w":-0.6316604018211365},"size":6.4857001304626469,"orthographic":true}