{"cameraMode":{"drawMode":0,"name":"Shaded","section":"Shading Mode"},"sceneLighting":false,"audioPlay":false,"sceneViewState":{"m_AlwaysRefresh":true,"showFog":true,"showSkybox":false,"showFlares":true,"showImageEffects":true,"showParticleSystems":true,"showVisualEffectGraphs":true,"m_FxEnabled":false},"in2DMode":false,"pivot":{"x":-0.6097997426986694,"y":-0.38729310035705569,"z":-2.2761340141296388},"rotation":{"x":0.3180607259273529,"y":0.19298824667930604,"z":-0.06629780679941178,"w":0.9258599877357483},"size":0.739477813243866,"orthographic":true}