{"cameraMode":{"drawMode":0,"name":"Shaded","section":"Shading Mode"},"sceneLighting":false,"audioPlay":false,"sceneViewState":{"m_AlwaysRefresh":true,"showFog":true,"showSkybox":false,"showFlares":true,"showImageEffects":true,"showParticleSystems":true,"showVisualEffectGraphs":true,"m_FxEnabled":false},"in2DMode":false,"pivot":{"x":3.252274751663208,"y":-1.9168994426727296,"z":9.452275276184082},"rotation":{"x":0.11181962490081787,"y":-0.8852246999740601,"z":0.27760589122772219,"w":0.35645195841789248},"size":22.154747009277345,"orthographic":false}