{"cameraMode":{"drawMode":0,"name":"Shaded","section":"Shading Mode"},"sceneLighting":false,"audioPlay":false,"sceneViewState":{"m_AlwaysRefresh":true,"showFog":true,"showSkybox":true,"showFlares":true,"showImageEffects":true,"showParticleSystems":true,"showVisualEffectGraphs":true,"m_FxEnabled":false},"in2DMode":false,"pivot":{"x":-24.151817321777345,"y":183.10240173339845,"z":-96.9969253540039},"rotation":{"x":0.3600060045719147,"y":-0.023787083104252816,"z":0.009181994944810868,"w":0.9326061606407166},"size":30.67363166809082,"orthographic":true}