{"cameraMode":{"drawMode":0,"name":"Shaded","section":"Shading Mode"},"sceneLighting":false,"audioPlay":false,"sceneViewState":{"m_AlwaysRefresh":true,"showFog":true,"showSkybox":false,"showFlares":true,"showImageEffects":true,"showParticleSystems":true,"showVisualEffectGraphs":true,"m_FxEnabled":false},"in2DMode":false,"pivot":{"x":-31.194046020507814,"y":3.9534666538238527,"z":7.119589805603027},"rotation":{"x":0.5971605777740479,"y":-0.008498026989400387,"z":0.006145586259663105,"w":0.8022141456604004},"size":7.09592866897583,"orthographic":false}