{"cameraMode":{"drawMode":0,"name":"Shaded","section":"Shading Mode"},"sceneLighting":false,"audioPlay":false,"sceneViewState":{"m_AlwaysRefresh":true,"showFog":true,"showSkybox":false,"showFlares":true,"showImageEffects":true,"showParticleSystems":true,"showVisualEffectGraphs":true,"m_FxEnabled":false},"in2DMode":false,"pivot":{"x":0.9091546535491943,"y":0.2776453495025635,"z":-0.005515098571777344},"rotation":{"x":0.26301875710487368,"y":0.10973022133111954,"z":-0.03012768365442753,"w":0.9581855535507202},"size":4.90096378326416,"orthographic":true}