{"cameraMode":{"drawMode":0,"name":"Shaded","section":"Shading Mode"},"sceneLighting":false,"audioPlay":false,"sceneViewState":{"m_AlwaysRefresh":true,"showFog":true,"showSkybox":false,"showFlares":true,"showImageEffects":true,"showParticleSystems":true,"showVisualEffectGraphs":true,"m_FxEnabled":false},"in2DMode":false,"pivot":{"x":0.3938300609588623,"y":2.0914041996002199,"z":0.09158468246459961},"rotation":{"x":-0.23381368815898896,"y":-0.3308968245983124,"z":0.08501173555850983,"w":-0.9104116559028626},"size":3.312117576599121,"orthographic":true}