{"cameraMode":{"drawMode":0,"name":"Shaded","section":"Shading Mode"},"sceneLighting":false,"audioPlay":false,"sceneViewState":{"m_AlwaysRefresh":true,"showFog":true,"showSkybox":false,"showFlares":true,"showImageEffects":true,"showParticleSystems":true,"showVisualEffectGraphs":true,"m_FxEnabled":false},"in2DMode":false,"pivot":{"x":0.3938300609588623,"y":2.0914041996002199,"z":0.09158468246459961},"rotation":{"x":-0.06337304413318634,"y":-0.9367040395736694,"z":0.24508443474769593,"w":-0.2423611730337143},"size":3.312117576599121,"orthographic":true}